IAsID,IsID,AsID,IAsAlgusKpv,IAsKinniKpv,IAsKasutajaNimi,IAsKasutajaSalasona,KdIDStaatus,IAsLisainfo,IAsKirjeteArv,AKpIDPadevusAla,IAsMuudatused,IAsAndmevaljad,IAsDokumendiLiigid,IAsKontaktTeavitamiseks,IAsIDLooja,LoodiKpv,IAsIDMuutja,MuudetiKpv,KustutatiKpv
1,11,6,1992-08-24,1992-08-30,user_11_6,pwd9693,550,Lisainfo isikule 11,193,,,,,user_11_6@domain.ee,202.0,1933-09-05,2.0,2006-12-26,
2,30,33,1974-05-28,1974-05-31,user_30_33,pwd8292,549,Lisainfo isikule 30,171,,,,,user_30_33@domain.ee,33.0,1942-08-14,,,
3,34,42,1982-02-15,1982-02-21,user_34_42,pwd5901,549,Lisainfo isikule 34,172,,,,,user_34_42@domain.ee,34.0,1970-10-01,199.0,2005-04-06,
4,65,32,1964-02-25,1964-03-03,user_65_32,pwd9916,550,Lisainfo isikule 65,186,,,,,user_65_32@domain.ee,76.0,1907-11-22,,,
5,66,44,2023-11-02,2023-11-07,user_66_44,pwd8285,550,Lisainfo isikule 66,192,,,,,user_66_44@domain.ee,28.0,1984-09-30,97.0,1986-06-17,
6,72,4,1984-10-11,1984-10-16,user_72_4,pwd8044,549,Lisainfo isikule 72,41,,,,,user_72_4@domain.ee,16.0,1923-10-28,72.0,2019-09-08,
7,79,42,1996-04-17,1996-04-23,user_79_42,pwd7029,549,Lisainfo isikule 79,6,,,,,user_79_42@domain.ee,36.0,1918-03-14,45.0,2021-03-09,
8,83,18,2003-07-14,2003-07-21,user_83_18,pwd5560,550,Lisainfo isikule 83,183,,,,,user_83_18@domain.ee,38.0,1914-06-25,43.0,1944-08-31,2008-12-06
9,112,2,1949-08-11,1949-08-15,user_112_2,pwd3858,549,Lisainfo isikule 112,139,,,,,user_112_2@domain.ee,75.0,1906-09-29,,,
10,120,34,1952-07-26,1952-07-30,user_120_34,pwd8167,549,Lisainfo isikule 120,175,,,,,user_120_34@domain.ee,207.0,1917-08-03,,,
11,126,10,1933-03-10,1933-03-12,user_126_10,pwd4723,549,Lisainfo isikule 126,59,,,,,user_126_10@domain.ee,342.0,1902-02-16,,,
12,130,24,1943-05-29,1943-06-02,user_130_24,pwd9192,549,Lisainfo isikule 130,72,,,,,user_130_24@domain.ee,158.0,1936-01-17,,,
13,187,24,1932-01-21,1932-01-21,user_187_24,pwd6273,550,Lisainfo isikule 187,75,,,,,user_187_24@domain.ee,340.0,1926-12-22,344.0,2002-01-29,
14,201,33,1982-08-18,1982-08-21,user_201_33,pwd8737,549,Lisainfo isikule 201,144,,,,,user_201_33@domain.ee,,1900-04-08,,,
15,203,24,2002-06-24,2002-06-28,user_203_24,pwd7870,549,Lisainfo isikule 203,17,,,,,user_203_24@domain.ee,156.0,1983-07-03,201.0,2009-04-05,
16,216,36,1916-08-18,1916-08-21,user_216_36,pwd6752,549,Lisainfo isikule 216,103,,,,,user_216_36@domain.ee,44.0,1916-05-09,,,
17,231,21,2024-05-14,2024-05-15,user_231_21,pwd1551,549,Lisainfo isikule 231,36,,,,,user_231_21@domain.ee,262.0,1994-07-03,207.0,2014-11-07,
18,270,39,2005-12-04,2005-12-09,user_270_39,pwd1392,549,Lisainfo isikule 270,14,,,,,user_270_39@domain.ee,71.0,1946-01-30,127.0,1952-09-09,
19,279,22,1968-08-02,1968-08-02,user_279_22,pwd7133,550,Lisainfo isikule 279,186,,,,,user_279_22@domain.ee,109.0,1940-04-08,,,
20,306,10,1977-11-02,1977-11-04,user_306_10,pwd2861,549,Lisainfo isikule 306,115,,,,,user_306_10@domain.ee,185.0,1928-08-25,,,
21,335,8,2000-09-22,2000-09-22,user_335_8,pwd8528,549,Lisainfo isikule 335,7,,,,,user_335_8@domain.ee,76.0,1921-02-02,,,
22,362,29,1970-05-31,1970-05-31,user_362_29,pwd8477,550,Lisainfo isikule 362,47,,,,,user_362_29@domain.ee,,1900-06-07,,,
23,391,45,1950-02-07,1950-02-10,user_391_45,pwd3306,550,Lisainfo isikule 391,58,,,,,user_391_45@domain.ee,207.0,1941-10-06,,,
24,396,11,1965-08-11,1965-08-18,user_396_11,pwd5439,549,Lisainfo isikule 396,96,,,,,user_396_11@domain.ee,110.0,1934-10-22,,,
25,438,7,1933-06-02,1933-06-06,user_438_7,pwd3559,549,Lisainfo isikule 438,107,,,,,user_438_7@domain.ee,202.0,1929-02-20,,,
26,439,23,1998-09-29,1998-10-06,user_439_23,pwd8802,549,Lisainfo isikule 439,162,,,,,user_439_23@domain.ee,38.0,1951-04-12,129.0,1982-03-09,
27,485,50,2021-06-06,2021-06-11,user_485_50,pwd5903,549,Lisainfo isikule 485,93,,,,,user_485_50@domain.ee,134.0,1915-10-01,,,
28,488,13,1949-09-16,1949-09-19,user_488_13,pwd9817,549,Lisainfo isikule 488,174,,,,,user_488_13@domain.ee,109.0,1911-06-08,,,
29,494,22,2000-05-22,2000-05-23,user_494_22,pwd3365,549,Lisainfo isikule 494,46,,,,,user_494_22@domain.ee,201.0,1993-07-20,316.0,2002-11-14,
30,501,19,1915-07-09,1915-07-16,user_501_19,pwd4940,549,Lisainfo isikule 501,66,,,,,user_501_19@domain.ee,198.0,1914-01-24,129.0,1965-02-19,
31,505,3,1985-11-06,1985-11-13,user_505_3,pwd7677,549,Lisainfo isikule 505,199,,,,,user_505_3@domain.ee,134.0,1917-08-29,,,
32,527,18,1913-11-18,1913-11-18,user_527_18,pwd9583,549,Lisainfo isikule 527,137,,,,,user_527_18@domain.ee,38.0,1909-11-04,,,
33,532,44,1932-02-17,1932-02-23,user_532_44,pwd7714,550,Lisainfo isikule 532,170,,,,,user_532_44@domain.ee,261.0,1924-03-12,,,
34,542,2,1968-07-18,1968-07-22,user_542_2,pwd3862,550,Lisainfo isikule 542,2,,,,,user_542_2@domain.ee,345.0,1929-08-27,,,1997-08-25
35,571,24,1984-06-14,1984-06-18,user_571_24,pwd3363,549,Lisainfo isikule 571,17,,,,,user_571_24@domain.ee,269.0,1936-05-11,59.0,2005-08-01,
36,572,12,1916-08-16,1916-08-22,user_572_12,pwd2856,550,Lisainfo isikule 572,88,,,,,user_572_12@domain.ee,222.0,1905-03-22,134.0,1916-08-24,
37,592,1,1912-11-15,1912-11-18,user_592_1,pwd3053,549,Lisainfo isikule 592,160,,,,,user_592_1@domain.ee,54.0,1911-04-04,,,
38,614,9,1908-06-01,1908-06-07,user_614_9,pwd7999,549,Lisainfo isikule 614,80,,,,,user_614_9@domain.ee,166.0,1901-03-19,,,
39,619,12,1973-07-17,1973-07-18,user_619_12,pwd6733,549,Lisainfo isikule 619,145,,,,,user_619_12@domain.ee,255.0,1921-04-04,,,
40,626,46,1919-03-16,,user_626_46,pwd6484,550,Lisainfo isikule 626,94,,,,,user_626_46@domain.ee,100.0,1915-07-10,,,
41,630,46,1955-04-23,1955-04-25,user_630_46,pwd7321,549,Lisainfo isikule 630,95,,,,,user_630_46@domain.ee,207.0,1930-01-16,107.0,1994-11-13,
42,639,26,2000-09-14,2000-09-17,user_639_26,pwd2879,550,Lisainfo isikule 639,97,,,,,user_639_26@domain.ee,219.0,1997-06-06,218.0,1997-09-07,
43,655,44,1932-04-13,1932-04-20,user_655_44,pwd2352,549,Lisainfo isikule 655,54,,,,,user_655_44@domain.ee,158.0,1929-04-09,335.0,1938-04-11,
44,659,46,1914-10-06,1914-10-06,user_659_46,pwd9742,549,Lisainfo isikule 659,65,,,,,user_659_46@domain.ee,81.0,1909-12-07,,,
45,675,36,1959-09-23,1959-09-30,user_675_36,pwd4548,549,Lisainfo isikule 675,38,,,,,user_675_36@domain.ee,326.0,1950-04-12,198.0,2004-09-06,
46,701,5,1922-11-10,,user_701_5,pwd2086,549,Lisainfo isikule 701,140,,,,,user_701_5@domain.ee,100.0,1910-10-25,215.0,2014-11-28,
47,722,31,1947-02-16,1947-02-19,user_722_31,pwd9404,549,Lisainfo isikule 722,164,,,,,user_722_31@domain.ee,166.0,1900-11-22,,,
48,741,38,1992-07-30,1992-08-06,user_741_38,pwd8424,549,Lisainfo isikule 741,80,,,,,user_741_38@domain.ee,182.0,1991-08-06,223.0,2006-08-14,
49,744,6,1985-01-31,1985-02-03,user_744_6,pwd3353,549,Lisainfo isikule 744,66,,,,,user_744_6@domain.ee,305.0,1982-01-26,290.0,2020-03-02,
50,758,47,1949-08-20,1949-08-20,user_758_47,pwd7219,549,Lisainfo isikule 758,102,,,,,user_758_47@domain.ee,340.0,1902-07-10,,,
51,759,46,1935-08-10,1935-08-16,user_759_46,pwd7974,549,Lisainfo isikule 759,74,,,,,user_759_46@domain.ee,90.0,1918-03-11,,,
52,764,42,1995-06-11,1995-06-18,user_764_42,pwd5384,549,Lisainfo isikule 764,68,,,,,user_764_42@domain.ee,12.0,1953-12-04,296.0,1975-09-06,
53,773,42,1995-02-01,1995-02-03,user_773_42,pwd1702,549,Lisainfo isikule 773,148,,,,,user_773_42@domain.ee,185.0,1930-12-31,56.0,1975-01-29,
54,795,35,1907-12-13,1907-12-14,user_795_35,pwd3346,549,Lisainfo isikule 795,35,,,,,user_795_35@domain.ee,,1900-06-05,80.0,1913-09-13,
55,797,35,1917-04-16,1917-04-21,user_797_35,pwd7279,549,Lisainfo isikule 797,130,,,,,user_797_35@domain.ee,90.0,1906-04-04,270.0,1958-05-29,
56,808,7,1969-07-26,1969-07-28,user_808_7,pwd9004,550,Lisainfo isikule 808,2,,,,,user_808_7@domain.ee,,1900-02-10,,,
57,836,23,1981-02-08,1981-02-13,user_836_23,pwd1883,549,Lisainfo isikule 836,192,,,,,user_836_23@domain.ee,219.0,1904-02-25,269.0,1932-07-29,
58,864,34,1977-04-27,1977-04-30,user_864_34,pwd8606,549,Lisainfo isikule 864,130,,,,,user_864_34@domain.ee,194.0,1967-01-06,86.0,1981-06-08,
59,892,20,1946-01-15,1946-01-19,user_892_20,pwd4591,549,Lisainfo isikule 892,19,,,,,user_892_20@domain.ee,222.0,1905-07-21,,,
60,897,47,1925-03-07,1925-03-10,user_897_47,pwd6799,549,Lisainfo isikule 897,65,,,,,user_897_47@domain.ee,252.0,1910-11-21,154.0,1988-11-17,
61,898,25,1986-04-29,1986-05-04,user_898_25,pwd9815,549,Lisainfo isikule 898,44,,,,,user_898_25@domain.ee,75.0,1906-12-04,,,
62,906,4,1949-10-25,1949-10-31,user_906_4,pwd3270,549,Lisainfo isikule 906,69,,,,,user_906_4@domain.ee,81.0,1918-06-27,115.0,1942-12-03,
63,912,20,1914-05-06,1914-05-11,user_912_20,pwd9221,550,Lisainfo isikule 912,157,,,,,user_912_20@domain.ee,133.0,1911-08-29,78.0,2022-04-27,
64,917,28,1936-12-18,1936-12-19,user_917_28,pwd3090,549,Lisainfo isikule 917,198,,,,,user_917_28@domain.ee,80.0,1934-06-20,250.0,1938-03-10,
65,918,41,1980-11-03,1980-11-10,user_918_41,pwd4054,549,Lisainfo isikule 918,76,,,,,user_918_41@domain.ee,306.0,1922-10-04,,,
66,922,39,1953-11-28,1953-12-05,user_922_39,pwd8177,549,Lisainfo isikule 922,17,,,,,user_922_39@domain.ee,194.0,1909-04-02,342.0,1929-01-07,
67,940,4,2024-05-30,,user_940_4,pwd8970,550,Lisainfo isikule 940,53,,,,,user_940_4@domain.ee,63.0,1921-01-06,,,
68,949,37,1928-03-24,1928-03-28,user_949_37,pwd8032,549,Lisainfo isikule 949,59,,,,,user_949_37@domain.ee,38.0,1925-08-27,,,
69,978,19,1994-10-19,1994-10-22,user_978_19,pwd1205,549,Lisainfo isikule 978,146,,,,,user_978_19@domain.ee,340.0,1902-08-13,161.0,1964-09-24,
70,979,28,1961-11-24,1961-12-01,user_979_28,pwd4119,549,Lisainfo isikule 979,174,,,,,user_979_28@domain.ee,265.0,1916-10-26,,,
71,1002,13,1906-03-09,1906-03-16,user_1002_13,pwd3533,549,Lisainfo isikule 1002,99,,,,,user_1002_13@domain.ee,342.0,1903-06-07,222.0,1904-08-18,
72,1007,13,1998-08-26,1998-08-28,user_1007_13,pwd9458,550,Lisainfo isikule 1007,140,,,,,user_1007_13@domain.ee,81.0,1905-07-26,78.0,1983-07-25,
73,1026,23,2014-05-22,2014-05-29,user_1026_23,pwd6126,549,Lisainfo isikule 1026,148,,,,,user_1026_23@domain.ee,25.0,2011-05-03,11.0,2013-12-16,
74,1065,28,1972-08-12,1972-08-16,user_1065_28,pwd4926,549,Lisainfo isikule 1065,88,,,,,user_1065_28@domain.ee,194.0,1937-02-23,51.0,1989-04-14,
75,1097,45,1904-10-11,1904-10-12,user_1097_45,pwd9335,550,Lisainfo isikule 1097,120,,,,,user_1097_45@domain.ee,,1900-01-11,,,
76,1112,39,1907-03-13,1907-03-15,user_1112_39,pwd1902,550,Lisainfo isikule 1112,91,,,,,user_1112_39@domain.ee,342.0,1902-08-24,269.0,1932-07-29,2012-06-01
77,1132,9,1942-03-05,1942-03-10,user_1132_9,pwd1807,549,Lisainfo isikule 1132,135,,,,,user_1132_9@domain.ee,16.0,1925-08-17,,,
78,1135,43,1968-09-19,1968-09-26,user_1135_43,pwd1254,549,Lisainfo isikule 1135,23,,,,,user_1135_43@domain.ee,16.0,1925-08-29,76.0,2021-12-05,
79,1153,11,1983-07-30,1983-07-31,user_1153_11,pwd8980,549,Lisainfo isikule 1153,49,,,,,user_1153_11@domain.ee,77.0,1950-12-08,311.0,1986-02-12,
80,1156,28,1910-06-17,1910-06-22,user_1156_28,pwd8038,549,Lisainfo isikule 1156,199,,,,,user_1156_28@domain.ee,,1900-06-08,326.0,1935-10-04,
81,1161,19,1903-07-28,1903-08-02,user_1161_19,pwd6003,549,Lisainfo isikule 1161,87,,,,,user_1161_19@domain.ee,,1900-02-01,222.0,1935-11-02,
82,1175,25,1983-01-30,1983-01-30,user_1175_25,pwd6725,550,Lisainfo isikule 1175,39,,,,,user_1175_25@domain.ee,271.0,1975-10-01,,,
83,1194,6,2018-08-11,2018-08-17,user_1194_6,pwd5213,549,Lisainfo isikule 1194,199,,,,,user_1194_6@domain.ee,330.0,2014-01-24,,,
84,1207,6,1953-10-16,1953-10-22,user_1207_6,pwd7497,549,Lisainfo isikule 1207,197,,,,,user_1207_6@domain.ee,44.0,1922-10-27,214.0,1944-05-15,
85,1216,45,1990-08-14,1990-08-14,user_1216_45,pwd1221,549,Lisainfo isikule 1216,178,,,,,user_1216_45@domain.ee,265.0,1919-09-10,181.0,1999-04-14,
86,1235,42,1980-04-08,1980-04-15,user_1235_42,pwd1282,549,Lisainfo isikule 1235,194,,,,,user_1235_42@domain.ee,280.0,1942-08-04,142.0,2015-05-31,
87,1244,31,1932-05-18,1932-05-21,user_1244_31,pwd8004,549,Lisainfo isikule 1244,199,,,,,user_1244_31@domain.ee,75.0,1907-05-19,,,
88,1261,42,1937-07-08,1937-07-12,user_1261_42,pwd2894,549,Lisainfo isikule 1261,87,,,,,user_1261_42@domain.ee,219.0,1912-05-19,210.0,2000-12-25,
89,1296,38,1982-11-12,1982-11-18,user_1296_38,pwd8161,550,Lisainfo isikule 1296,20,,,,,user_1296_38@domain.ee,342.0,1903-10-19,,,
90,1301,19,1903-05-31,1903-06-01,user_1301_19,pwd3008,550,Lisainfo isikule 1301,135,,,,,user_1301_19@domain.ee,340.0,1902-02-20,47.0,1950-04-01,
91,1317,46,1942-11-02,1942-11-05,user_1317_46,pwd9326,550,Lisainfo isikule 1317,170,,,,,user_1317_46@domain.ee,100.0,1925-12-04,222.0,1935-12-28,
92,1339,32,2005-08-28,2005-09-03,user_1339_32,pwd4691,550,Lisainfo isikule 1339,22,,,,,user_1339_32@domain.ee,296.0,1957-06-04,,,
93,1354,40,1962-12-23,1962-12-23,user_1354_40,pwd9247,549,Lisainfo isikule 1354,123,,,,,user_1354_40@domain.ee,202.0,1933-03-30,318.0,1993-12-21,
94,1363,16,1917-09-05,1917-09-08,user_1363_16,pwd4659,549,Lisainfo isikule 1363,188,,,,,user_1363_16@domain.ee,81.0,1916-04-02,,,
95,1376,28,1988-02-20,1988-02-24,user_1376_28,pwd7359,550,Lisainfo isikule 1376,137,,,,,user_1376_28@domain.ee,54.0,1983-09-09,,,2018-01-31
96,1378,4,1935-07-15,1935-07-16,user_1378_4,pwd7010,549,Lisainfo isikule 1378,183,,,,,user_1378_4@domain.ee,181.0,1930-05-04,156.0,1949-12-02,
97,1383,42,1955-05-24,1955-05-27,user_1383_42,pwd7601,549,Lisainfo isikule 1383,189,,,,,user_1383_42@domain.ee,98.0,1925-02-08,,,
98,1399,22,1911-10-18,1911-10-25,user_1399_22,pwd8981,549,Lisainfo isikule 1399,169,,,,,user_1399_22@domain.ee,166.0,1900-11-08,210.0,1976-08-12,
99,1409,8,1972-01-25,1972-01-29,user_1409_8,pwd8969,549,Lisainfo isikule 1409,21,,,,,user_1409_8@domain.ee,166.0,1916-06-30,250.0,1958-04-17,
100,1414,46,1906-10-31,1906-11-06,user_1414_46,pwd8872,549,Lisainfo isikule 1414,119,,,,,user_1414_46@domain.ee,90.0,1903-07-09,29.0,2010-10-16,
101,1415,34,2010-03-13,2010-03-19,user_1415_34,pwd5926,550,Lisainfo isikule 1415,29,,,,,user_1415_34@domain.ee,296.0,1990-09-10,183.0,2008-02-08,2018-04-04
102,1426,42,1968-12-10,1968-12-11,user_1426_42,pwd4061,549,Lisainfo isikule 1426,140,,,,,user_1426_42@domain.ee,182.0,1951-10-14,265.0,1959-08-02,
103,1445,41,1986-04-10,1986-04-16,user_1445_41,pwd6915,549,Lisainfo isikule 1445,143,,,,,user_1445_41@domain.ee,47.0,1972-07-27,13.0,2025-01-24,
104,1467,42,1940-01-20,1940-01-26,user_1467_42,pwd5290,549,Lisainfo isikule 1467,148,,,,,user_1467_42@domain.ee,333.0,1938-10-18,,,
105,1474,19,2012-12-12,2012-12-13,user_1474_19,pwd7623,549,Lisainfo isikule 1474,30,,,,,user_1474_19@domain.ee,154.0,1985-03-16,130.0,2002-11-28,
106,1499,50,1939-02-09,1939-02-14,user_1499_50,pwd7259,549,Lisainfo isikule 1499,71,,,,,user_1499_50@domain.ee,194.0,1929-12-11,,,
107,1516,1,1974-08-27,1974-08-29,user_1516_1,pwd6621,549,Lisainfo isikule 1516,135,,,,,user_1516_1@domain.ee,333.0,1969-06-03,98.0,1970-05-24,
108,1518,31,1962-09-30,1962-10-07,user_1518_31,pwd5024,549,Lisainfo isikule 1518,65,,,,,user_1518_31@domain.ee,37.0,1926-01-02,,,
109,1539,6,1907-01-13,1907-01-18,user_1539_6,pwd5755,550,Lisainfo isikule 1539,142,,,,,user_1539_6@domain.ee,207.0,1906-02-16,134.0,1921-06-16,
110,1553,29,1933-06-14,1933-06-16,user_1553_29,pwd8249,550,Lisainfo isikule 1553,129,,,,,user_1553_29@domain.ee,166.0,1909-05-29,142.0,1998-07-12,
111,1555,20,2023-01-06,2023-01-09,user_1555_20,pwd9223,549,Lisainfo isikule 1555,20,,,,,user_1555_20@domain.ee,82.0,1999-12-05,85.0,2021-03-07,
112,1558,30,1988-02-12,1988-02-13,user_1558_30,pwd4701,549,Lisainfo isikule 1558,72,,,,,user_1558_30@domain.ee,222.0,1903-11-26,22.0,1992-01-29,
113,1574,34,1978-05-15,1978-05-19,user_1574_34,pwd5287,549,Lisainfo isikule 1574,27,,,,,user_1574_34@domain.ee,44.0,1942-07-03,,,
114,1600,7,1948-10-21,1948-10-21,user_1600_7,pwd2018,549,Lisainfo isikule 1600,7,,,,,user_1600_7@domain.ee,207.0,1901-05-19,,,
115,1605,34,1942-11-06,1942-11-08,user_1605_34,pwd5526,549,Lisainfo isikule 1605,140,,,,,user_1605_34@domain.ee,340.0,1926-05-31,109.0,1927-11-08,
116,1624,8,1944-05-12,1944-05-14,user_1624_8,pwd2278,549,Lisainfo isikule 1624,148,,,,,user_1624_8@domain.ee,216.0,1906-09-24,181.0,1995-01-05,
117,1640,38,1947-10-31,1947-11-07,user_1640_38,pwd5734,549,Lisainfo isikule 1640,82,,,,,user_1640_38@domain.ee,90.0,1933-11-11,302.0,1989-07-12,
118,1666,17,2002-11-20,2002-11-25,user_1666_17,pwd9934,550,Lisainfo isikule 1666,190,,,,,user_1666_17@domain.ee,278.0,1935-03-08,85.0,2006-06-12,
119,1671,40,2011-06-08,2011-06-12,user_1671_40,pwd1729,549,Lisainfo isikule 1671,161,,,,,user_1671_40@domain.ee,240.0,2005-12-18,112.0,2017-07-09,
120,1678,20,2023-05-20,2023-05-22,user_1678_20,pwd1244,549,Lisainfo isikule 1678,130,,,,,user_1678_20@domain.ee,308.0,1940-03-27,91.0,1987-01-30,
121,1686,46,1967-06-12,1967-06-13,user_1686_46,pwd9760,549,Lisainfo isikule 1686,162,,,,,user_1686_46@domain.ee,159.0,1952-02-04,183.0,1958-06-01,
122,1689,26,1972-05-04,1972-05-05,user_1689_26,pwd3585,549,Lisainfo isikule 1689,186,,,,,user_1689_26@domain.ee,25.0,1964-05-03,,,
123,1703,32,2020-12-11,2020-12-17,user_1703_32,pwd7173,549,Lisainfo isikule 1703,90,,,,,user_1703_32@domain.ee,20.0,1981-10-24,,,
124,1728,25,1996-09-19,1996-09-24,user_1728_25,pwd8371,550,Lisainfo isikule 1728,113,,,,,user_1728_25@domain.ee,117.0,1957-05-17,,,
125,1821,2,1988-01-01,1988-01-04,user_1821_2,pwd9306,549,Lisainfo isikule 1821,4,,,,,user_1821_2@domain.ee,222.0,1903-07-10,,,
126,1823,34,1973-10-31,1973-11-03,user_1823_34,pwd5066,549,Lisainfo isikule 1823,199,,,,,user_1823_34@domain.ee,172.0,1942-08-12,20.0,2023-06-08,
127,1834,18,1942-11-07,1942-11-11,user_1834_18,pwd3878,549,Lisainfo isikule 1834,111,,,,,user_1834_18@domain.ee,248.0,1922-05-17,,,
128,1838,15,1960-08-14,1960-08-21,user_1838_15,pwd9923,550,Lisainfo isikule 1838,94,,,,,user_1838_15@domain.ee,308.0,1923-06-19,,,1992-11-10
129,1843,42,1927-11-20,1927-11-27,user_1843_42,pwd4442,550,Lisainfo isikule 1843,34,,,,,user_1843_42@domain.ee,166.0,1902-12-29,90.0,1903-07-15,
130,1852,7,1992-03-21,1992-03-23,user_1852_7,pwd9321,549,Lisainfo isikule 1852,134,,,,,user_1852_7@domain.ee,133.0,1902-09-14,,,
131,1873,22,2021-04-30,2021-05-05,user_1873_22,pwd9190,549,Lisainfo isikule 1873,101,,,,,user_1873_22@domain.ee,282.0,2010-12-23,,,
132,1930,38,1993-10-10,1993-10-17,user_1930_38,pwd1522,550,Lisainfo isikule 1930,112,,,,,user_1930_38@domain.ee,306.0,1912-04-12,,,
133,1942,36,1901-10-28,1901-10-31,user_1942_36,pwd2361,549,Lisainfo isikule 1942,88,,,,,user_1942_36@domain.ee,166.0,1900-10-16,154.0,1955-10-18,
134,1955,8,1914-02-17,1914-02-24,user_1955_8,pwd8440,549,Lisainfo isikule 1955,0,,,,,user_1955_8@domain.ee,198.0,1912-03-31,,,
135,1964,25,1971-03-27,1971-03-28,user_1964_25,pwd3594,549,Lisainfo isikule 1964,75,,,,,user_1964_25@domain.ee,308.0,1954-09-11,,,
136,1970,43,2005-02-06,2005-02-10,user_1970_43,pwd7122,549,Lisainfo isikule 1970,185,,,,,user_1970_43@domain.ee,306.0,1908-06-09,,,
137,1980,30,1974-12-03,1974-12-09,user_1980_30,pwd3924,550,Lisainfo isikule 1980,68,,,,,user_1980_30@domain.ee,166.0,1900-12-22,,,
138,1988,39,2000-06-01,2000-06-01,user_1988_39,pwd5040,549,Lisainfo isikule 1988,36,,,,,user_1988_39@domain.ee,38.0,1918-02-17,3.0,1989-07-26,
139,2007,15,1911-02-07,1911-02-08,user_2007_15,pwd2945,549,Lisainfo isikule 2007,118,,,,,user_2007_15@domain.ee,207.0,1901-04-01,217.0,1961-02-08,
140,2026,4,2002-09-07,2002-09-09,user_2026_4,pwd1738,549,Lisainfo isikule 2026,121,,,,,user_2026_4@domain.ee,340.0,1914-02-02,,,
141,2070,50,1998-09-29,1998-09-29,user_2070_50,pwd2290,549,Lisainfo isikule 2070,62,,,,,user_2070_50@domain.ee,292.0,1918-10-11,,,
142,2082,41,1971-05-05,1971-05-05,user_2082_41,pwd6119,549,Lisainfo isikule 2082,98,,,,,user_2082_41@domain.ee,133.0,1909-10-12,,,
143,2103,13,1984-12-29,1984-12-30,user_2103_13,pwd8904,550,Lisainfo isikule 2103,180,,,,,user_2103_13@domain.ee,218.0,1923-01-14,,,
144,2109,22,1961-12-26,1961-12-31,user_2109_22,pwd4003,549,Lisainfo isikule 2109,63,,,,,user_2109_22@domain.ee,194.0,1918-07-10,,,
145,2126,22,2005-04-30,2005-05-04,user_2126_22,pwd2427,549,Lisainfo isikule 2126,89,,,,,user_2126_22@domain.ee,122.0,1973-09-08,222.0,1975-10-18,
146,2156,40,1968-07-07,1968-07-13,user_2156_40,pwd9338,549,Lisainfo isikule 2156,102,,,,,user_2156_40@domain.ee,328.0,1929-11-09,343.0,2009-12-17,
147,2169,17,1946-12-30,1947-01-01,user_2169_17,pwd6194,550,Lisainfo isikule 2169,166,,,,,user_2169_17@domain.ee,,1900-02-17,208.0,2001-10-21,
148,2179,50,1965-08-27,1965-08-31,user_2179_50,pwd7436,549,Lisainfo isikule 2179,166,,,,,user_2179_50@domain.ee,166.0,1939-01-16,,,
149,2186,47,2012-03-14,2012-03-21,user_2186_47,pwd2623,549,Lisainfo isikule 2186,53,,,,,user_2186_47@domain.ee,335.0,1947-07-04,272.0,2018-12-26,
150,2201,29,1949-03-04,1949-03-08,user_2201_29,pwd8097,549,Lisainfo isikule 2201,70,,,,,user_2201_29@domain.ee,216.0,1905-10-26,,,
151,2214,25,1962-02-07,1962-02-07,user_2214_25,pwd4216,549,Lisainfo isikule 2214,89,,,,,user_2214_25@domain.ee,81.0,1906-10-23,,,
152,2220,23,1967-12-09,1967-12-11,user_2220_23,pwd5218,549,Lisainfo isikule 2220,163,,,,,user_2220_23@domain.ee,37.0,1965-08-27,172.0,1974-06-22,
153,2222,30,1936-09-08,1936-09-15,user_2222_30,pwd1565,549,Lisainfo isikule 2222,76,,,,,user_2222_30@domain.ee,44.0,1927-09-26,,,
154,2230,41,1931-01-14,1931-01-18,user_2230_41,pwd4858,550,Lisainfo isikule 2230,132,,,,,user_2230_41@domain.ee,80.0,1911-11-26,,,
155,2243,7,2009-06-15,2009-06-17,user_2243_7,pwd6937,549,Lisainfo isikule 2243,12,,,,,user_2243_7@domain.ee,170.0,2008-09-04,310.0,2017-04-09,
156,2250,37,1942-11-28,1942-11-30,user_2250_37,pwd7406,549,Lisainfo isikule 2250,32,,,,,user_2250_37@domain.ee,328.0,1914-04-05,,,
157,2253,13,1999-02-13,1999-02-20,user_2253_13,pwd2961,549,Lisainfo isikule 2253,28,,,,,user_2253_13@domain.ee,98.0,1930-04-18,,,
158,2258,48,1919-05-29,1919-06-01,user_2258_48,pwd1435,549,Lisainfo isikule 2258,109,,,,,user_2258_48@domain.ee,90.0,1903-11-20,,,
159,2260,2,1920-03-21,1920-03-23,user_2260_2,pwd2899,549,Lisainfo isikule 2260,106,,,,,user_2260_2@domain.ee,219.0,1911-01-29,,,
160,2279,7,1971-10-09,1971-10-15,user_2279_7,pwd2398,549,Lisainfo isikule 2279,24,,,,,user_2279_7@domain.ee,76.0,1942-05-18,188.0,2024-07-09,
161,2282,13,1942-07-21,1942-07-26,user_2282_13,pwd5078,549,Lisainfo isikule 2282,187,,,,,user_2282_13@domain.ee,166.0,1909-05-27,216.0,1924-03-03,
162,2291,24,1944-05-12,1944-05-14,user_2291_24,pwd9903,549,Lisainfo isikule 2291,117,,,,,user_2291_24@domain.ee,134.0,1932-04-11,81.0,1988-02-05,
163,2307,29,2025-04-02,2025-04-02,user_2307_29,pwd1459,549,Lisainfo isikule 2307,147,,,,,user_2307_29@domain.ee,32.0,1945-07-09,186.0,2016-09-11,
164,2329,10,1989-01-27,1989-02-02,user_2329_10,pwd9713,549,Lisainfo isikule 2329,170,,,,,user_2329_10@domain.ee,167.0,1954-09-19,,,
165,2385,28,2016-09-21,2016-09-25,user_2385_28,pwd3638,549,Lisainfo isikule 2385,24,,,,,user_2385_28@domain.ee,59.0,1971-10-22,335.0,1983-06-26,
166,2393,34,1900-09-14,1900-09-20,user_2393_34,pwd5666,550,Lisainfo isikule 2393,164,,,,,user_2393_34@domain.ee,,1900-08-13,,,
167,2400,20,1929-02-19,1929-02-21,user_2400_20,pwd5132,550,Lisainfo isikule 2400,40,,,,,user_2400_20@domain.ee,134.0,1919-06-01,240.0,2019-03-19,
168,2411,32,1970-06-21,1970-06-22,user_2411_32,pwd5118,549,Lisainfo isikule 2411,26,,,,,user_2411_32@domain.ee,54.0,1926-05-05,222.0,1950-10-23,
169,2416,32,1987-01-19,1987-01-23,user_2416_32,pwd1121,549,Lisainfo isikule 2416,71,,,,,user_2416_32@domain.ee,219.0,1923-03-01,38.0,1939-05-12,
170,2427,30,1956-01-07,1956-01-11,user_2427_30,pwd6639,550,Lisainfo isikule 2427,117,,,,,user_2427_30@domain.ee,51.0,1952-08-05,192.0,2018-04-11,2018-01-16
171,2437,20,1957-09-24,1957-09-29,user_2437_20,pwd5042,549,Lisainfo isikule 2437,161,,,,,user_2437_20@domain.ee,109.0,1911-07-03,116.0,1959-09-13,
172,2444,1,1941-08-14,1941-08-19,user_2444_1,pwd7046,549,Lisainfo isikule 2444,81,,,,,user_2444_1@domain.ee,340.0,1941-03-24,61.0,1990-07-31,
173,2466,18,2008-04-26,2008-05-01,user_2466_18,pwd5322,550,Lisainfo isikule 2466,126,,,,,user_2466_18@domain.ee,328.0,1924-06-15,,,
174,2503,15,1957-10-27,1957-10-27,user_2503_15,pwd7938,550,Lisainfo isikule 2503,45,,,,,user_2503_15@domain.ee,44.0,1931-01-25,,,2021-02-24
175,2512,23,1976-12-09,1976-12-11,user_2512_23,pwd4197,549,Lisainfo isikule 2512,168,,,,,user_2512_23@domain.ee,114.0,1974-09-17,51.0,1985-12-01,
176,2517,20,1951-03-09,1951-03-16,user_2517_20,pwd9486,549,Lisainfo isikule 2517,64,,,,,user_2517_20@domain.ee,278.0,1911-08-09,320.0,1974-02-17,
177,2527,25,1993-02-05,1993-02-08,user_2527_25,pwd7962,549,Lisainfo isikule 2527,140,,,,,user_2527_25@domain.ee,218.0,1923-12-16,,,
178,2533,23,2000-06-03,2000-06-05,user_2533_23,pwd8764,549,Lisainfo isikule 2533,164,,,,,user_2533_23@domain.ee,168.0,1990-02-12,,,
179,2554,46,1992-04-20,1992-04-22,user_2554_46,pwd3119,550,Lisainfo isikule 2554,91,,,,,user_2554_46@domain.ee,98.0,1931-10-01,,,2023-11-08
180,2557,48,2006-06-21,2006-06-23,user_2557_48,pwd6660,549,Lisainfo isikule 2557,173,,,,,user_2557_48@domain.ee,64.0,1946-07-07,63.0,1953-11-13,
181,2578,28,1928-02-21,1928-02-23,user_2578_28,pwd1184,549,Lisainfo isikule 2578,42,,,,,user_2578_28@domain.ee,100.0,1914-02-20,198.0,1916-11-29,
182,2587,20,1930-02-11,1930-02-13,user_2587_20,pwd8595,550,Lisainfo isikule 2587,146,,,,,user_2587_20@domain.ee,198.0,1925-08-07,,,
183,2595,11,1944-06-07,1944-06-11,user_2595_11,pwd3766,550,Lisainfo isikule 2595,110,,,,,user_2595_11@domain.ee,248.0,1935-06-08,106.0,1967-05-30,
184,2621,1,1953-10-07,1953-10-07,user_2621_1,pwd8664,550,Lisainfo isikule 2621,121,,,,,user_2621_1@domain.ee,342.0,1902-11-19,238.0,1989-03-20,
185,2633,22,1918-09-07,1918-09-12,user_2633_22,pwd7222,550,Lisainfo isikule 2633,138,,,,,user_2633_22@domain.ee,207.0,1907-05-10,88.0,1975-10-04,2010-03-17
186,2634,33,2000-11-05,2000-11-10,user_2634_33,pwd3648,550,Lisainfo isikule 2634,172,,,,,user_2634_33@domain.ee,342.0,1908-12-20,,,
187,2653,5,1964-04-06,1964-04-08,user_2653_5,pwd9359,550,Lisainfo isikule 2653,106,,,,,user_2653_5@domain.ee,37.0,1934-05-19,,,2015-08-17
188,2658,44,2004-09-04,2004-09-11,user_2658_44,pwd5747,550,Lisainfo isikule 2658,147,,,,,user_2658_44@domain.ee,239.0,1950-05-12,,,
189,2678,1,1979-04-26,1979-04-26,user_2678_1,pwd5844,549,Lisainfo isikule 2678,128,,,,,user_2678_1@domain.ee,158.0,1964-08-27,263.0,2006-12-06,
190,2698,42,1961-09-16,1961-09-16,user_2698_42,pwd3391,549,Lisainfo isikule 2698,80,,,,,user_2698_42@domain.ee,59.0,1954-01-10,,,
191,2729,22,1993-07-05,1993-07-09,user_2729_22,pwd3216,549,Lisainfo isikule 2729,144,,,,,user_2729_22@domain.ee,90.0,1979-03-27,,,
192,2753,2,2012-10-23,2012-10-28,user_2753_2,pwd4016,549,Lisainfo isikule 2753,187,,,,,user_2753_2@domain.ee,208.0,2001-09-25,,,
193,2763,32,2020-10-14,2020-10-19,user_2763_32,pwd2338,550,Lisainfo isikule 2763,148,,,,,user_2763_32@domain.ee,16.0,1954-03-12,142.0,2012-12-15,
194,2788,45,1907-12-25,1907-12-26,user_2788_45,pwd2367,549,Lisainfo isikule 2788,189,,,,,user_2788_45@domain.ee,207.0,1907-03-24,,,
195,2800,24,1941-08-30,1941-09-02,user_2800_24,pwd4649,549,Lisainfo isikule 2800,89,,,,,user_2800_24@domain.ee,75.0,1927-12-30,342.0,2012-05-12,
196,2813,28,1947-09-05,1947-09-10,user_2813_28,pwd2419,549,Lisainfo isikule 2813,95,,,,,user_2813_28@domain.ee,139.0,1928-10-04,,,
197,2815,42,1997-06-26,1997-07-02,user_2815_42,pwd2805,549,Lisainfo isikule 2815,168,,,,,user_2815_42@domain.ee,269.0,1948-10-27,,,
198,2823,9,1910-02-18,1910-02-19,user_2823_9,pwd3388,549,Lisainfo isikule 2823,29,,,,,user_2823_9@domain.ee,166.0,1901-04-06,,,
199,2865,30,1989-10-03,1989-10-08,user_2865_30,pwd2878,549,Lisainfo isikule 2865,159,,,,,user_2865_30@domain.ee,109.0,1926-07-19,,,
200,2871,4,2020-06-21,2020-06-22,user_2871_4,pwd4813,549,Lisainfo isikule 2871,100,,,,,user_2871_4@domain.ee,201.0,2017-05-19,68.0,2020-10-21,
201,2879,4,1949-12-28,1949-12-31,user_2879_4,pwd5323,549,Lisainfo isikule 2879,5,,,,,user_2879_4@domain.ee,,1900-01-21,,,
202,2909,26,1910-06-05,1910-06-06,user_2909_26,pwd7715,549,Lisainfo isikule 2909,63,,,,,user_2909_26@domain.ee,75.0,1906-03-25,325.0,1955-05-04,
203,2916,17,1942-03-16,1942-03-21,user_2916_17,pwd6148,549,Lisainfo isikule 2916,20,,,,,user_2916_17@domain.ee,16.0,1929-11-17,,,
204,2919,12,1989-11-29,1989-12-06,user_2919_12,pwd6412,549,Lisainfo isikule 2919,83,,,,,user_2919_12@domain.ee,278.0,1911-09-04,,,
205,2921,9,1962-02-23,1962-02-26,user_2921_9,pwd1668,549,Lisainfo isikule 2921,164,,,,,user_2921_9@domain.ee,54.0,1919-02-27,13.0,1965-03-11,
206,2927,28,2006-09-01,2006-09-05,user_2927_28,pwd1809,549,Lisainfo isikule 2927,134,,,,,user_2927_28@domain.ee,109.0,1908-05-18,,,
207,2943,36,1901-01-12,1901-01-17,user_2943_36,pwd9862,549,Lisainfo isikule 2943,23,,,,,user_2943_36@domain.ee,166.0,1900-11-05,,,
208,2947,2,1934-03-19,1934-03-26,user_2947_2,pwd3759,549,Lisainfo isikule 2947,99,,,,,user_2947_2@domain.ee,218.0,1917-04-06,239.0,1959-11-26,
209,2956,7,1980-03-13,1980-03-18,user_2956_7,pwd1443,549,Lisainfo isikule 2956,167,,,,,user_2956_7@domain.ee,342.0,1938-08-21,79.0,1984-12-01,
210,2976,6,1967-05-19,1967-05-19,user_2976_6,pwd8235,549,Lisainfo isikule 2976,159,,,,,user_2976_6@domain.ee,43.0,1933-09-20,158.0,1936-11-20,
211,2981,44,1958-07-03,1958-07-03,user_2981_44,pwd6376,549,Lisainfo isikule 2981,55,,,,,user_2981_44@domain.ee,283.0,1944-10-01,174.0,1969-02-09,
212,2994,49,1964-02-15,1964-02-18,user_2994_49,pwd2394,549,Lisainfo isikule 2994,134,,,,,user_2994_49@domain.ee,181.0,1932-09-08,,,
213,2997,6,1969-02-13,1969-02-18,user_2997_6,pwd5026,549,Lisainfo isikule 2997,65,,,,,user_2997_6@domain.ee,13.0,1941-06-21,,,
214,3023,14,1926-07-08,1926-07-14,user_3023_14,pwd9420,549,Lisainfo isikule 3023,187,,,,,user_3023_14@domain.ee,340.0,1905-07-29,79.0,2018-03-16,
215,3049,22,2013-01-29,2013-02-04,user_3049_22,pwd4904,550,Lisainfo isikule 3049,45,,,,,user_3049_22@domain.ee,76.0,1910-07-29,19.0,1993-11-21,2017-12-19
216,3053,32,1904-02-09,1904-02-10,user_3053_32,pwd7943,549,Lisainfo isikule 3053,32,,,,,user_3053_32@domain.ee,166.0,1901-05-27,,,
217,3055,19,1960-03-08,1960-03-09,user_3055_19,pwd2905,549,Lisainfo isikule 3055,42,,,,,user_3055_19@domain.ee,94.0,1939-06-19,270.0,1948-04-19,
218,3101,13,1917-02-11,1917-02-18,user_3101_13,pwd5359,550,Lisainfo isikule 3101,79,,,,,user_3101_13@domain.ee,340.0,1902-11-05,345.0,1986-11-14,
219,3115,21,1903-06-28,1903-06-30,user_3115_21,pwd6655,550,Lisainfo isikule 3115,155,,,,,user_3115_21@domain.ee,340.0,1902-06-28,,,
220,3123,24,1916-08-04,1916-08-08,user_3123_24,pwd6735,549,Lisainfo isikule 3123,139,,,,,user_3123_24@domain.ee,340.0,1906-10-05,,,
221,3150,48,2019-04-01,2019-04-06,user_3150_48,pwd7405,549,Lisainfo isikule 3150,16,,,,,user_3150_48@domain.ee,342.0,1945-08-16,,,
222,3162,39,1903-03-16,1903-03-17,user_3162_39,pwd5335,550,Lisainfo isikule 3162,7,,,,,user_3162_39@domain.ee,,1900-02-13,264.0,2015-10-30,
223,3201,49,2002-07-16,2002-07-21,user_3201_49,pwd2794,549,Lisainfo isikule 3201,107,,,,,user_3201_49@domain.ee,153.0,1962-09-08,269.0,2017-11-10,
224,3205,40,1938-12-15,1938-12-15,user_3205_40,pwd7614,549,Lisainfo isikule 3205,99,,,,,user_3205_40@domain.ee,278.0,1933-05-01,218.0,1997-04-26,
225,3211,14,1946-01-27,1946-01-29,user_3211_14,pwd4942,550,Lisainfo isikule 3211,26,,,,,user_3211_14@domain.ee,71.0,1928-10-11,317.0,2017-05-20,1977-03-20
226,3252,29,2000-01-07,2000-01-09,user_3252_29,pwd1956,549,Lisainfo isikule 3252,121,,,,,user_3252_29@domain.ee,218.0,1978-07-13,,,
227,3263,13,1958-09-23,1958-09-29,user_3263_13,pwd1799,549,Lisainfo isikule 3263,26,,,,,user_3263_13@domain.ee,33.0,1951-01-13,147.0,1964-02-26,
228,3270,13,1975-01-31,1975-02-03,user_3270_13,pwd4750,550,Lisainfo isikule 3270,91,,,,,user_3270_13@domain.ee,222.0,1916-03-03,,,2016-06-13
229,3276,24,2012-11-26,2012-11-28,user_3276_24,pwd6624,550,Lisainfo isikule 3276,85,,,,,user_3276_24@domain.ee,194.0,1990-08-08,194.0,1999-10-02,
230,3288,24,1977-12-25,1977-12-30,user_3288_24,pwd5259,549,Lisainfo isikule 3288,34,,,,,user_3288_24@domain.ee,55.0,1974-01-09,60.0,1974-07-06,
231,3289,23,1998-11-02,1998-11-05,user_3289_23,pwd3172,549,Lisainfo isikule 3289,164,,,,,user_3289_23@domain.ee,194.0,1910-04-24,201.0,1968-07-01,
232,3293,1,2022-09-28,2022-10-02,user_3293_1,pwd7538,550,Lisainfo isikule 3293,120,,,,,user_3293_1@domain.ee,51.0,1955-06-04,330.0,1996-01-29,
233,3334,34,1966-10-14,1966-10-15,user_3334_34,pwd6572,549,Lisainfo isikule 3334,103,,,,,user_3334_34@domain.ee,207.0,1926-06-21,,,
234,3344,1,1974-05-31,1974-06-07,user_3344_1,pwd2744,549,Lisainfo isikule 3344,198,,,,,user_3344_1@domain.ee,43.0,1945-09-02,24.0,2021-10-17,
235,3348,33,1967-12-14,1967-12-16,user_3348_33,pwd3459,549,Lisainfo isikule 3348,180,,,,,user_3348_33@domain.ee,98.0,1952-08-28,326.0,1985-04-19,
236,3369,23,1983-10-06,1983-10-12,user_3369_23,pwd4428,549,Lisainfo isikule 3369,183,,,,,user_3369_23@domain.ee,90.0,1904-03-25,216.0,1928-01-07,
237,3391,13,1977-11-18,1977-11-18,user_3391_13,pwd2567,549,Lisainfo isikule 3391,131,,,,,user_3391_13@domain.ee,80.0,1913-12-28,,,
238,3400,22,1960-01-02,1960-01-06,user_3400_22,pwd2435,550,Lisainfo isikule 3400,34,,,,,user_3400_22@domain.ee,154.0,1932-12-27,247.0,1951-08-15,
239,3419,7,1934-03-04,1934-03-07,user_3419_7,pwd2277,549,Lisainfo isikule 3419,120,,,,,user_3419_7@domain.ee,36.0,1925-10-18,,,
240,3444,6,1954-07-27,1954-08-01,user_3444_6,pwd8757,549,Lisainfo isikule 3444,111,,,,,user_3444_6@domain.ee,292.0,1934-10-31,,,
241,3472,32,1967-08-13,1967-08-16,user_3472_32,pwd2691,550,Lisainfo isikule 3472,26,,,,,user_3472_32@domain.ee,185.0,1943-07-24,264.0,1955-10-16,1994-12-25
242,3508,4,1965-10-24,1965-10-31,user_3508_4,pwd3001,549,Lisainfo isikule 3508,161,,,,,user_3508_4@domain.ee,182.0,1939-11-13,250.0,1970-10-09,
243,3533,36,2011-01-04,2011-01-06,user_3533_36,pwd1095,549,Lisainfo isikule 3533,12,,,,,user_3533_36@domain.ee,98.0,1923-05-31,37.0,1955-05-25,
244,3563,1,1980-10-05,1980-10-11,user_3563_1,pwd4558,549,Lisainfo isikule 3563,169,,,,,user_3563_1@domain.ee,296.0,1965-07-06,339.0,1997-05-31,
245,3578,41,2007-07-17,2007-07-24,user_3578_41,pwd3618,549,Lisainfo isikule 3578,16,,,,,user_3578_41@domain.ee,54.0,1911-11-09,219.0,1935-10-22,
246,3588,48,2010-02-06,2010-02-06,user_3588_48,pwd4478,550,Lisainfo isikule 3588,185,,,,,user_3588_48@domain.ee,109.0,1909-12-20,310.0,1994-07-04,
247,3593,16,1946-01-20,1946-01-21,user_3593_16,pwd2530,550,Lisainfo isikule 3593,127,,,,,user_3593_16@domain.ee,100.0,1922-01-13,198.0,1935-12-29,2023-12-17
248,3613,48,1920-08-02,1920-08-06,user_3613_48,pwd1787,550,Lisainfo isikule 3613,84,,,,,user_3613_48@domain.ee,81.0,1904-03-04,,,1981-08-31
249,3618,50,1969-06-14,1969-06-20,user_3618_50,pwd2457,549,Lisainfo isikule 3618,5,,,,,user_3618_50@domain.ee,265.0,1917-12-19,,,
250,3636,7,1937-10-13,1937-10-15,user_3636_7,pwd9672,549,Lisainfo isikule 3636,58,,,,,user_3636_7@domain.ee,11.0,1937-01-20,,,
251,3639,16,2007-09-26,2007-10-01,user_3639_16,pwd3971,549,Lisainfo isikule 3639,78,,,,,user_3639_16@domain.ee,133.0,1948-01-24,,,
252,3659,12,1903-12-28,1904-01-03,user_3659_12,pwd8138,549,Lisainfo isikule 3659,91,,,,,user_3659_12@domain.ee,133.0,1902-08-06,24.0,1974-03-03,
253,3660,3,1938-04-13,1938-04-15,user_3660_3,pwd2638,549,Lisainfo isikule 3660,65,,,,,user_3660_3@domain.ee,219.0,1919-01-03,269.0,1932-02-03,
254,3666,25,2017-09-27,2017-10-02,user_3666_25,pwd5246,549,Lisainfo isikule 3666,116,,,,,user_3666_25@domain.ee,37.0,1946-12-12,,,
255,3674,36,1911-10-23,1911-10-29,user_3674_36,pwd9344,549,Lisainfo isikule 3674,67,,,,,user_3674_36@domain.ee,71.0,1910-06-11,,,
256,3741,9,2000-02-16,2000-02-18,user_3741_9,pwd5367,549,Lisainfo isikule 3741,173,,,,,user_3741_9@domain.ee,313.0,1948-08-18,,,
257,3743,30,1949-12-17,1949-12-21,user_3743_30,pwd9605,549,Lisainfo isikule 3743,90,,,,,user_3743_30@domain.ee,335.0,1935-06-12,,,
258,3745,30,1955-09-11,1955-09-16,user_3745_30,pwd5300,549,Lisainfo isikule 3745,45,,,,,user_3745_30@domain.ee,38.0,1910-08-05,,,
259,3753,1,2011-05-13,2011-05-14,user_3753_1,pwd7216,549,Lisainfo isikule 3753,183,,,,,user_3753_1@domain.ee,252.0,1909-12-14,248.0,1949-04-27,
260,3756,5,2003-12-14,2003-12-17,user_3756_5,pwd3124,550,Lisainfo isikule 3756,112,,,,,user_3756_5@domain.ee,271.0,1972-05-08,,,
261,3758,26,1920-09-06,1920-09-08,user_3758_26,pwd6760,549,Lisainfo isikule 3758,82,,,,,user_3758_26@domain.ee,133.0,1905-12-03,19.0,2020-04-20,
262,3784,3,1960-02-14,1960-02-15,user_3784_3,pwd8233,550,Lisainfo isikule 3784,44,,,,,user_3784_3@domain.ee,166.0,1900-12-10,,,
263,3785,17,1979-03-15,1979-03-18,user_3785_17,pwd8550,549,Lisainfo isikule 3785,143,,,,,user_3785_17@domain.ee,133.0,1902-05-15,11.0,2012-02-04,
264,3788,49,1938-05-17,1938-05-23,user_3788_49,pwd8845,549,Lisainfo isikule 3788,87,,,,,user_3788_49@domain.ee,54.0,1909-07-08,,,
265,3797,7,1915-08-26,1915-08-29,user_3797_7,pwd3591,549,Lisainfo isikule 3797,132,,,,,user_3797_7@domain.ee,194.0,1915-05-06,,,
266,3803,6,1937-10-26,1937-10-31,user_3803_6,pwd4870,549,Lisainfo isikule 3803,159,,,,,user_3803_6@domain.ee,63.0,1922-06-12,168.0,1980-03-11,
267,3852,29,1965-03-06,1965-03-07,user_3852_29,pwd2419,549,Lisainfo isikule 3852,67,,,,,user_3852_29@domain.ee,239.0,1937-03-10,28.0,2024-02-20,
268,3857,40,1970-12-05,1970-12-11,user_3857_40,pwd8691,549,Lisainfo isikule 3857,180,,,,,user_3857_40@domain.ee,314.0,1967-08-09,68.0,1982-02-21,
269,3872,14,1931-10-15,1931-10-16,user_3872_14,pwd5997,550,Lisainfo isikule 3872,68,,,,,user_3872_14@domain.ee,76.0,1916-04-07,241.0,1979-03-25,
270,3907,33,1948-03-09,1948-03-16,user_3907_33,pwd1573,549,Lisainfo isikule 3907,17,,,,,user_3907_33@domain.ee,308.0,1926-07-25,255.0,1964-09-04,
271,3930,25,1946-12-10,1946-12-14,user_3930_25,pwd1054,549,Lisainfo isikule 3930,22,,,,,user_3930_25@domain.ee,139.0,1911-03-24,,,
272,3942,16,2010-09-21,2010-09-25,user_3942_16,pwd4350,549,Lisainfo isikule 3942,20,,,,,user_3942_16@domain.ee,261.0,1922-12-29,,,
273,3946,20,2008-11-06,2008-11-09,user_3946_20,pwd3490,549,Lisainfo isikule 3946,167,,,,,user_3946_20@domain.ee,202.0,1933-04-03,292.0,1940-05-10,
274,3956,16,1955-05-27,1955-06-03,user_3956_16,pwd8187,549,Lisainfo isikule 3956,11,,,,,user_3956_16@domain.ee,32.0,1936-03-26,,,
275,3972,14,1998-03-28,1998-03-30,user_3972_14,pwd7697,549,Lisainfo isikule 3972,114,,,,,user_3972_14@domain.ee,316.0,1951-12-14,207.0,1953-08-07,
276,3979,11,2007-05-12,2007-05-19,user_3979_11,pwd6369,549,Lisainfo isikule 3979,176,,,,,user_3979_11@domain.ee,13.0,1952-09-08,,,
277,3986,20,1965-07-22,1965-07-27,user_3986_20,pwd2888,549,Lisainfo isikule 3986,36,,,,,user_3986_20@domain.ee,219.0,1908-02-22,153.0,1967-10-15,
278,3998,34,1909-04-18,1909-04-23,user_3998_34,pwd4252,549,Lisainfo isikule 3998,110,,,,,user_3998_34@domain.ee,75.0,1908-03-05,94.0,1985-03-30,
279,4034,50,1983-06-09,1983-06-16,user_4034_50,pwd8121,549,Lisainfo isikule 4034,76,,,,,user_4034_50@domain.ee,166.0,1926-01-23,87.0,1941-07-19,
280,4047,31,1931-06-28,1931-06-29,user_4047_31,pwd5265,549,Lisainfo isikule 4047,84,,,,,user_4047_31@domain.ee,248.0,1931-04-22,133.0,1934-09-05,
281,4051,39,1962-04-07,1962-04-10,user_4051_39,pwd7498,549,Lisainfo isikule 4051,188,,,,,user_4051_39@domain.ee,265.0,1958-03-19,,,
282,4067,48,1998-12-22,1998-12-27,user_4067_48,pwd3525,550,Lisainfo isikule 4067,99,,,,,user_4067_48@domain.ee,12.0,1951-03-02,,,2022-06-05
283,4068,22,1937-06-03,1937-06-03,user_4068_22,pwd3437,549,Lisainfo isikule 4068,143,,,,,user_4068_22@domain.ee,158.0,1922-07-24,301.0,1958-04-27,
284,4084,43,2004-01-24,2004-01-30,user_4084_43,pwd9281,550,Lisainfo isikule 4084,148,,,,,user_4084_43@domain.ee,168.0,1994-10-25,2.0,1996-03-18,
285,4087,4,2021-09-23,2021-09-25,user_4087_4,pwd5671,549,Lisainfo isikule 4087,79,,,,,user_4087_4@domain.ee,326.0,1935-02-10,75.0,1966-06-14,
286,4093,22,1976-04-21,1976-04-25,user_4093_22,pwd2566,550,Lisainfo isikule 4093,110,,,,,user_4093_22@domain.ee,297.0,1974-05-16,,,
287,4124,32,2017-02-05,2017-02-12,user_4124_32,pwd9136,550,Lisainfo isikule 4124,66,,,,,user_4124_32@domain.ee,166.0,1924-12-30,,,2024-06-26
288,4161,33,2014-05-08,2014-05-08,user_4161_33,pwd5813,549,Lisainfo isikule 4161,1,,,,,user_4161_33@domain.ee,127.0,1979-05-29,,,
289,4178,38,2008-01-14,2008-01-21,user_4178_38,pwd9398,549,Lisainfo isikule 4178,21,,,,,user_4178_38@domain.ee,109.0,1908-06-18,,,
290,4179,19,2005-02-03,2005-02-08,user_4179_19,pwd1405,549,Lisainfo isikule 4179,189,,,,,user_4179_19@domain.ee,45.0,1964-05-18,,,
291,4221,26,1953-02-04,1953-02-11,user_4221_26,pwd1721,549,Lisainfo isikule 4221,78,,,,,user_4221_26@domain.ee,194.0,1909-05-26,,,
292,4226,45,1918-09-29,1918-10-06,user_4226_45,pwd6722,549,Lisainfo isikule 4226,19,,,,,user_4226_45@domain.ee,75.0,1907-04-03,,,
293,4234,1,2005-08-24,2005-08-26,user_4234_1,pwd4269,549,Lisainfo isikule 4234,116,,,,,user_4234_1@domain.ee,252.0,2004-06-26,6.0,2005-11-24,
294,4258,19,1993-12-07,1993-12-07,user_4258_19,pwd8826,549,Lisainfo isikule 4258,103,,,,,user_4258_19@domain.ee,326.0,1942-04-13,228.0,2012-04-26,
295,4273,9,2004-05-23,2004-05-24,user_4273_9,pwd6151,549,Lisainfo isikule 4273,167,,,,,user_4273_9@domain.ee,84.0,2003-06-07,134.0,2024-11-02,
296,4284,28,1954-03-09,1954-03-15,user_4284_28,pwd8482,549,Lisainfo isikule 4284,71,,,,,user_4284_28@domain.ee,109.0,1909-03-12,222.0,1952-08-13,
297,4315,20,1950-03-25,1950-03-31,user_4315_20,pwd8221,549,Lisainfo isikule 4315,142,,,,,user_4315_20@domain.ee,38.0,1930-10-27,,,
298,4334,7,1979-07-16,1979-07-20,user_4334_7,pwd2115,549,Lisainfo isikule 4334,167,,,,,user_4334_7@domain.ee,261.0,1963-05-02,318.0,1999-08-26,
299,4343,29,1966-03-22,1966-03-27,user_4343_29,pwd3265,550,Lisainfo isikule 4343,79,,,,,user_4343_29@domain.ee,342.0,1906-05-12,,,
300,4344,13,1993-09-09,1993-09-16,user_4344_13,pwd6152,549,Lisainfo isikule 4344,104,,,,,user_4344_13@domain.ee,71.0,1944-07-03,203.0,2010-11-09,
301,4345,47,1958-04-03,1958-04-04,user_4345_47,pwd1443,550,Lisainfo isikule 4345,42,,,,,user_4345_47@domain.ee,156.0,1949-12-11,,,
302,4360,42,1948-01-29,1948-01-30,user_4360_42,pwd1872,550,Lisainfo isikule 4360,21,,,,,user_4360_42@domain.ee,222.0,1908-01-20,,,1955-05-28
303,4367,40,2016-01-31,2016-02-04,user_4367_40,pwd2527,549,Lisainfo isikule 4367,80,,,,,user_4367_40@domain.ee,94.0,1985-03-30,,,
304,4374,13,2005-07-06,2005-07-10,user_4374_13,pwd4093,550,Lisainfo isikule 4374,199,,,,,user_4374_13@domain.ee,274.0,1989-10-31,149.0,2022-12-23,
305,4399,26,1946-03-19,1946-03-21,user_4399_26,pwd8828,550,Lisainfo isikule 4399,191,,,,,user_4399_26@domain.ee,166.0,1900-10-14,,,1990-11-23
306,4411,18,1907-10-03,1907-10-10,user_4411_18,pwd6947,549,Lisainfo isikule 4411,114,,,,,user_4411_18@domain.ee,166.0,1903-01-08,,,
307,4434,24,1951-09-12,1951-09-16,user_4434_24,pwd6072,549,Lisainfo isikule 4434,173,,,,,user_4434_24@domain.ee,328.0,1941-06-07,80.0,1956-11-18,
308,4467,19,1919-05-24,1919-05-28,user_4467_19,pwd8149,549,Lisainfo isikule 4467,155,,,,,user_4467_19@domain.ee,219.0,1914-01-14,194.0,1914-04-22,
309,4476,25,1931-04-09,1931-04-11,user_4476_25,pwd4858,549,Lisainfo isikule 4476,179,,,,,user_4476_25@domain.ee,207.0,1905-03-18,,,
310,4493,45,1978-07-14,1978-07-20,user_4493_45,pwd4945,550,Lisainfo isikule 4493,53,,,,,user_4493_45@domain.ee,168.0,1974-04-07,,,
311,4504,10,1949-08-21,1949-08-28,user_4504_10,pwd1766,550,Lisainfo isikule 4504,140,,,,,user_4504_10@domain.ee,90.0,1915-06-20,,,
312,4546,44,2023-06-27,2023-07-02,user_4546_44,pwd9218,549,Lisainfo isikule 4546,11,,,,,user_4546_44@domain.ee,308.0,1924-11-02,,,
313,4549,22,1927-07-27,1927-07-30,user_4549_22,pwd3160,549,Lisainfo isikule 4549,168,,,,,user_4549_22@domain.ee,278.0,1916-12-24,,,
314,4558,48,1949-07-05,1949-07-09,user_4558_48,pwd5805,549,Lisainfo isikule 4558,117,,,,,user_4558_48@domain.ee,207.0,1904-12-15,279.0,1986-09-20,
315,4600,22,1962-02-14,1962-02-21,user_4600_22,pwd3731,550,Lisainfo isikule 4600,102,,,,,user_4600_22@domain.ee,269.0,1957-03-29,310.0,1995-12-07,2010-07-22
316,4601,6,1923-03-07,1923-03-09,user_4601_6,pwd1266,549,Lisainfo isikule 4601,3,,,,,user_4601_6@domain.ee,219.0,1907-09-24,,,
317,4602,35,1975-08-02,1975-08-04,user_4602_35,pwd7912,549,Lisainfo isikule 4602,80,,,,,user_4602_35@domain.ee,201.0,1956-08-28,264.0,1957-01-31,
318,4609,34,1926-10-12,1926-10-14,user_4609_34,pwd9421,549,Lisainfo isikule 4609,140,,,,,user_4609_34@domain.ee,81.0,1904-08-23,90.0,1908-05-22,
319,4612,32,1957-06-18,1957-06-21,user_4612_32,pwd3859,549,Lisainfo isikule 4612,183,,,,,user_4612_32@domain.ee,90.0,1913-05-31,319.0,2002-03-17,
320,4613,25,1954-09-21,1954-09-25,user_4613_25,pwd7421,549,Lisainfo isikule 4613,14,,,,,user_4613_25@domain.ee,194.0,1946-04-10,65.0,1993-05-17,
321,4639,32,2019-10-08,2019-10-12,user_4639_32,pwd3732,549,Lisainfo isikule 4639,171,,,,,user_4639_32@domain.ee,94.0,1929-06-11,227.0,1963-10-24,
322,4640,1,1990-02-04,1990-02-08,user_4640_1,pwd7474,549,Lisainfo isikule 4640,30,,,,,user_4640_1@domain.ee,139.0,1979-10-18,39.0,1988-03-17,
323,4671,40,1971-10-11,1971-10-12,user_4671_40,pwd4715,549,Lisainfo isikule 4671,114,,,,,user_4671_40@domain.ee,253.0,1967-07-14,,,
324,4673,28,2022-03-07,2022-03-08,user_4673_28,pwd6648,549,Lisainfo isikule 4673,169,,,,,user_4673_28@domain.ee,207.0,1964-02-03,,,
325,4680,33,1923-07-20,1923-07-20,user_4680_33,pwd5327,549,Lisainfo isikule 4680,132,,,,,user_4680_33@domain.ee,75.0,1922-02-02,,,
326,4684,16,1929-08-30,1929-09-04,user_4684_16,pwd8412,549,Lisainfo isikule 4684,51,,,,,user_4684_16@domain.ee,166.0,1901-06-06,208.0,1946-11-01,
327,4686,15,1965-06-12,1965-06-15,user_4686_15,pwd8175,549,Lisainfo isikule 4686,68,,,,,user_4686_15@domain.ee,185.0,1919-12-12,134.0,1928-12-26,
328,4690,10,1909-05-15,1909-05-15,user_4690_10,pwd5039,550,Lisainfo isikule 4690,0,,,,,user_4690_10@domain.ee,219.0,1907-03-03,,,
329,4696,24,1978-01-01,1978-01-07,user_4696_24,pwd6954,549,Lisainfo isikule 4696,129,,,,,user_4696_24@domain.ee,202.0,1931-12-01,,,
330,4732,41,1987-04-19,1987-04-24,user_4732_41,pwd4839,549,Lisainfo isikule 4732,57,,,,,user_4732_41@domain.ee,109.0,1920-11-14,225.0,1960-10-09,
331,4733,32,1989-07-03,1989-07-03,user_4733_32,pwd9751,549,Lisainfo isikule 4733,185,,,,,user_4733_32@domain.ee,115.0,1983-06-17,,,
332,4742,18,1952-03-21,1952-03-21,user_4742_18,pwd5742,549,Lisainfo isikule 4742,173,,,,,user_4742_18@domain.ee,198.0,1941-02-19,248.0,1950-07-14,
333,4750,33,1930-04-14,1930-04-15,user_4750_33,pwd1719,549,Lisainfo isikule 4750,118,,,,,user_4750_33@domain.ee,134.0,1927-03-03,,,
334,4818,5,1997-01-24,1997-01-29,user_4818_5,pwd5295,549,Lisainfo isikule 4818,168,,,,,user_4818_5@domain.ee,202.0,1923-11-02,,,
335,4819,50,1920-10-14,1920-10-17,user_4819_50,pwd8317,550,Lisainfo isikule 4819,38,,,,,user_4819_50@domain.ee,166.0,1901-03-22,340.0,1905-04-20,
336,4838,9,1980-01-24,1980-01-29,user_4838_9,pwd7413,549,Lisainfo isikule 4838,116,,,,,user_4838_9@domain.ee,54.0,1941-03-27,,,
337,4845,3,1966-02-05,1966-02-11,user_4845_3,pwd5975,549,Lisainfo isikule 4845,76,,,,,user_4845_3@domain.ee,16.0,1923-05-14,,,
338,4862,39,1991-03-03,1991-03-03,user_4862_39,pwd9043,549,Lisainfo isikule 4862,31,,,,,user_4862_39@domain.ee,56.0,1971-07-08,295.0,2015-08-16,
339,4872,19,1992-06-14,1992-06-14,user_4872_19,pwd5691,550,Lisainfo isikule 4872,192,,,,,user_4872_19@domain.ee,218.0,1924-04-28,134.0,1924-09-01,
340,4902,37,1901-09-29,1901-10-02,user_4902_37,pwd9739,549,Lisainfo isikule 4902,122,,,,,user_4902_37@domain.ee,,1900-05-04,,,
341,4905,10,2022-11-04,2022-11-07,user_4905_10,pwd4180,549,Lisainfo isikule 4905,14,,,,,user_4905_10@domain.ee,54.0,1941-03-27,,,
342,4929,2,1901-10-03,1901-10-08,user_4929_2,pwd2727,549,Lisainfo isikule 4929,63,,,,,user_4929_2@domain.ee,207.0,1901-03-28,,,
343,4955,6,2002-06-28,2002-06-28,user_4955_6,pwd5432,549,Lisainfo isikule 4955,141,,,,,user_4955_6@domain.ee,322.0,1992-05-19,,,
344,4985,9,1997-11-15,1997-11-22,user_4985_9,pwd8577,549,Lisainfo isikule 4985,58,,,,,user_4985_9@domain.ee,16.0,1924-10-14,,,
345,4988,9,1923-11-24,1923-12-01,user_4988_9,pwd3347,549,Lisainfo isikule 4988,133,,,,,user_4988_9@domain.ee,328.0,1910-07-22,,,
346,4997,33,2003-03-08,2003-03-14,user_4997_33,pwd2542,549,Lisainfo isikule 4997,161,,,,,user_4997_33@domain.ee,75.0,1906-12-31,81.0,1912-08-07,
